Rules,Antecedence,Consequent,sup(A),sup(B),sup(A U B),Kulczynski,IR
"If ['Longitude 6', 'Region Name ISLAND OF HAWAII, HAWAII'], Then ['Latitude 148', 'Year 41']","('Longitude 6', 'Region Name ISLAND OF HAWAII, HAWAII')","('Latitude 148', 'Year 41')",27976,26000,24576,0.9118,0.06721088435374149
"If ['Latitude 148', 'Longitude 6', 'Magnitude Type ML'], Then ['Region Name ISLAND OF HAWAII, HAWAII']","('Latitude 148', 'Longitude 6', 'Magnitude Type ML')","('Region Name ISLAND OF HAWAII, HAWAII',)",22697,27976,22309,0.8902,0.18611620363841488
"If ['Latitude 176', 'Longitude 52', 'Magnitude Type ML'], Then ['Region Name IONIAN SEA']","('Latitude 176', 'Longitude 52', 'Magnitude Type ML')","('Region Name IONIAN SEA',)",3417,4496,3417,0.88,0.23999110320284697
"If ['Longitude 6', 'Region Name ISLAND OF HAWAII, HAWAII'], Then ['Latitude 148']","('Longitude 6', 'Region Name ISLAND OF HAWAII, HAWAII')","('Latitude 148',)",27976,34573,27191,0.8792,0.18657729509587645
"If ['Latitude 148', 'Longitude 6', 'Magnitude Type ML', 'Year 41'], Then ['Region Name ISLAND OF HAWAII, HAWAII']","('Latitude 148', 'Longitude 6', 'Magnitude Type ML', 'Year 41')","('Region Name ISLAND OF HAWAII, HAWAII',)",21162,27976,20866,0.8659,0.24101584606677987
"If ['Longitude 6', 'Year 41'], Then ['Latitude 148']","('Longitude 6', 'Year 41')","('Latitude 148',)",25897,34573,25152,0.8494,0.24565377427940427
"If ['Longitude 6', 'Region Name ISLAND OF HAWAII, HAWAII', 'Year 41'], Then ['Latitude 148']","('Longitude 6', 'Region Name ISLAND OF HAWAII, HAWAII', 'Year 41')","('Latitude 148',)",24930,34573,24576,0.8483,0.2760901308443325
"If ['Latitude 148', 'Magnitude Type ML', 'Year 41'], Then ['Longitude 6']","('Latitude 148', 'Magnitude Type ML', 'Year 41')","('Longitude 6',)",21480,30265,21162,0.8422,0.2872510872053101
"If ['Latitude 184', 'Longitude 50', 'Magnitude Type ML'], Then ['Region Name CENTRAL ITALY']","('Latitude 184', 'Longitude 50', 'Magnitude Type ML')","('Region Name CENTRAL ITALY',)",4368,6920,4368,0.8156,0.36878612716763004
"If ['Longitude 6', 'Magnitude Type ML', 'Region Name ISLAND OF HAWAII, HAWAII'], Then ['Latitude 148']","('Longitude 6', 'Magnitude Type ML', 'Region Name ISLAND OF HAWAII, HAWAII')","('Latitude 148',)",22795,34573,22309,0.812,0.3359479734162412
"If ['Longitude 6', 'Magnitude Type ML', 'Region Name ISLAND OF HAWAII, HAWAII', 'Year 41'], Then ['Latitude 148']","('Longitude 6', 'Magnitude Type ML', 'Region Name ISLAND OF HAWAII, HAWAII', 'Year 41')","('Latitude 148',)",21115,34573,20866,0.7959,0.3864798116133479
"If ['Longitude 6', 'Magnitude Type ML', 'Year 41'], Then ['Latitude 148']","('Longitude 6', 'Magnitude Type ML', 'Year 41')","('Latitude 148',)",21652,34573,21162,0.7947,0.36850811396628924
"If ['Longitude 58', 'Magnitude Type ML'], Then ['Region Name EASTERN TURKEY']","('Longitude 58', 'Magnitude Type ML')","('Region Name EASTERN TURKEY',)",6378,9183,5648,0.7503,0.2829617673761727
"If ['Region Name CENTRAL ITALY'], Then ['Longitude 50', 'Magnitude Type ML']","('Region Name CENTRAL ITALY',)","('Longitude 50', 'Magnitude Type ML')",6920,8107,5601,0.7501,0.12592828347124974
"If ['Magnitude Type ML', 'Region Name CENTRAL ITALY'], Then ['Longitude 50']","('Magnitude Type ML', 'Region Name CENTRAL ITALY')","('Longitude 50',)",6854,8274,5601,0.7471,0.1490500682271439
"If ['Depth 6', 'Region Name ISLAND OF HAWAII, HAWAII'], Then ['Latitude 148', 'Longitude 6']","('Depth 6', 'Region Name ISLAND OF HAWAII, HAWAII')","('Latitude 148', 'Longitude 6')",10188,28010,10166,0.6804,0.635773401826484
"If ['Depth 6', 'Longitude 6', 'Region Name ISLAND OF HAWAII, HAWAII'], Then ['Latitude 148', 'Year 41']","('Depth 6', 'Longitude 6', 'Region Name ISLAND OF HAWAII, HAWAII')","('Latitude 148', 'Year 41')",10188,26000,9954,0.6799,0.602729282610353
"If ['Latitude 184', 'Magnitude Type ML', 'Region Name CENTRAL ITALY'], Then ['Longitude 50']","('Latitude 184', 'Magnitude Type ML', 'Region Name CENTRAL ITALY')","('Longitude 50',)",5311,8274,4368,0.6752,0.3214711945318433
"If ['Latitude 148', 'Longitude 6', 'Magnitude Type ML', 'Month 33', 'Year 41'], Then ['Region Name ISLAND OF HAWAII, HAWAII']","('Latitude 148', 'Longitude 6', 'Magnitude Type ML', 'Month 33', 'Year 41')","('Region Name ISLAND OF HAWAII, HAWAII',)",9577,27976,9571,0.6707,0.6575298406118218
"If ['Depth 6', 'Latitude 148', 'Year 41'], Then ['Longitude 6']","('Depth 6', 'Latitude 148', 'Year 41')","('Longitude 6',)",10012,30265,10011,0.6653,0.6691667217339589
"If ['Depth 6', 'Latitude 148', 'Longitude 6', 'Magnitude Type ML'], Then ['Region Name ISLAND OF HAWAII, HAWAII', 'Year 41']","('Depth 6', 'Latitude 148', 'Longitude 6', 'Magnitude Type ML')","('Region Name ISLAND OF HAWAII, HAWAII', 'Year 41')",8789,24930,8627,0.6638,0.6432727562569743
"If ['Latitude 148', 'Longitude 6', 'Month 28'], Then ['Region Name ISLAND OF HAWAII, HAWAII', 'Year 41']","('Latitude 148', 'Longitude 6', 'Month 28')","('Region Name ISLAND OF HAWAII, HAWAII', 'Year 41')",9272,24930,8971,0.6637,0.6205857873251159
"If ['Month 28', 'Region Name ISLAND OF HAWAII, HAWAII'], Then ['Latitude 148', 'Longitude 6']","('Month 28', 'Region Name ISLAND OF HAWAII, HAWAII')","('Latitude 148', 'Longitude 6')",9261,28010,9180,0.6595,0.6674379694564095
"If ['Longitude 6', 'Month 33', 'Region Name ISLAND OF HAWAII, HAWAII'], Then ['Latitude 148']","('Longitude 6', 'Month 33', 'Region Name ISLAND OF HAWAII, HAWAII')","('Latitude 148',)",11349,34573,11224,0.6568,0.6693181163179434
"If ['Depth 5', 'Latitude 148', 'Magnitude Type ML', 'Region Name ISLAND OF HAWAII, HAWAII'], Then ['Longitude 6', 'Year 41']","('Depth 5', 'Latitude 148', 'Magnitude Type ML', 'Region Name ISLAND OF HAWAII, HAWAII')","('Longitude 6', 'Year 41')",8252,25897,8216,0.6564,0.6804072031774188
"If ['Longitude 6', 'Month 33', 'Region Name ISLAND OF HAWAII, HAWAII', 'Year 41'], Then ['Latitude 148']","('Longitude 6', 'Month 33', 'Region Name ISLAND OF HAWAII, HAWAII', 'Year 41')","('Latitude 148',)",11091,34573,11024,0.6564,0.6778868360277136
"If ['Longitude 6', 'Month 33', 'Year 41'], Then ['Latitude 148']","('Longitude 6', 'Month 33', 'Year 41')","('Latitude 148',)",11126,34573,11040,0.6558,0.6765053809977206
"If ['Latitude 148', 'Magnitude Type ML', 'Month 33', 'Year 41'], Then ['Longitude 6']","('Latitude 148', 'Magnitude Type ML', 'Month 33', 'Year 41')","('Longitude 6',)",9625,30265,9577,0.6557,0.6808959852208624
"If ['Depth 6', 'Latitude 148', 'Longitude 6', 'Magnitude Type ML', 'Year 41'], Then ['Region Name ISLAND OF HAWAII, HAWAII']","('Depth 6', 'Latitude 148', 'Longitude 6', 'Magnitude Type ML', 'Year 41')","('Region Name ISLAND OF HAWAII, HAWAII',)",8647,27976,8627,0.653,0.6904200600085727
"If ['Latitude 148', 'Longitude 6', 'Magnitude Type ML', 'Year 41'], Then ['Month 33', 'Region Name ISLAND OF HAWAII, HAWAII']","('Latitude 148', 'Longitude 6', 'Magnitude Type ML', 'Year 41')","('Month 33', 'Region Name ISLAND OF HAWAII, HAWAII')",21162,11349,9571,0.6478,0.4277680906713165
"If ['Depth 6', 'Longitude 6', 'Region Name ISLAND OF HAWAII, HAWAII'], Then ['Latitude 148']","('Depth 6', 'Longitude 6', 'Region Name ISLAND OF HAWAII, HAWAII')","('Latitude 148',)",10188,34573,10166,0.6459,0.7048706460471167
"If ['Depth 5', 'Latitude 148', 'Longitude 6', 'Magnitude Type ML', 'Year 41'], Then ['Region Name ISLAND OF HAWAII, HAWAII']","('Depth 5', 'Latitude 148', 'Longitude 6', 'Magnitude Type ML', 'Year 41')","('Region Name ISLAND OF HAWAII, HAWAII',)",8249,27976,8216,0.6448,0.7043093291442036
"If ['Depth 6', 'Longitude 6', 'Region Name ISLAND OF HAWAII, HAWAII', 'Year 41'], Then ['Latitude 148']","('Depth 6', 'Longitude 6', 'Region Name ISLAND OF HAWAII, HAWAII', 'Year 41')","('Latitude 148',)",9963,34573,9954,0.6435,0.7116418946272627
"If ['Latitude 148', 'Longitude 6', 'Magnitude Type ML', 'Month 28', 'Year 41'], Then ['Region Name ISLAND OF HAWAII, HAWAII']","('Latitude 148', 'Longitude 6', 'Magnitude Type ML', 'Month 28', 'Year 41')","('Region Name ISLAND OF HAWAII, HAWAII',)",8011,27976,7994,0.6418,0.7132140177901618
"If ['Longitude 6', 'Magnitude Type ML', 'Month 33', 'Region Name ISLAND OF HAWAII, HAWAII', 'Year 41'], Then ['Latitude 148']","('Longitude 6', 'Magnitude Type ML', 'Month 33', 'Region Name ISLAND OF HAWAII, HAWAII', 'Year 41')","('Latitude 148',)",9617,34573,9571,0.636,0.7208758196366157
"If ['Longitude 6', 'Magnitude Type ML', 'Month 33', 'Region Name ISLAND OF HAWAII, HAWAII'], Then ['Latitude 148']","('Longitude 6', 'Magnitude Type ML', 'Month 33', 'Region Name ISLAND OF HAWAII, HAWAII')","('Latitude 148',)",9772,34573,9687,0.6357,0.7155923596283686
"If ['Longitude 6', 'Magnitude Type ML', 'Month 33', 'Year 41'], Then ['Latitude 148']","('Longitude 6', 'Magnitude Type ML', 'Month 33', 'Year 41')","('Latitude 148',)",9638,34573,9577,0.6353,0.7199572674250736
"If ['Magnitude Type mb', 'Region Name OKLAHOMA'], Then ['Longitude 21']","('Magnitude Type mb', 'Region Name OKLAHOMA')","('Longitude 21',)",3210,11453,3182,0.6346,0.7179688180472085
"If ['Depth 5', 'Longitude 6', 'Region Name ISLAND OF HAWAII, HAWAII'], Then ['Latitude 148']","('Depth 5', 'Longitude 6', 'Region Name ISLAND OF HAWAII, HAWAII')","('Latitude 148',)",9388,34573,9366,0.6343,0.7279953750541985
"If ['Depth 5', 'Longitude 6', 'Region Name ISLAND OF HAWAII, HAWAII', 'Year 41'], Then ['Latitude 148']","('Depth 5', 'Longitude 6', 'Region Name ISLAND OF HAWAII, HAWAII', 'Year 41')","('Latitude 148',)",9262,34573,9246,0.6329,0.7317644337795253
"If ['Latitude 148', 'Magnitude Type ML', 'Month 28', 'Year 41'], Then ['Longitude 6']","('Latitude 148', 'Magnitude Type ML', 'Month 28', 'Year 41')","('Longitude 6',)",8027,30265,8011,0.6314,0.7343879000033025
"If ['Longitude 6', 'Month 28', 'Region Name ISLAND OF HAWAII, HAWAII'], Then ['Latitude 148']","('Longitude 6', 'Month 28', 'Region Name ISLAND OF HAWAII, HAWAII')","('Latitude 148',)",9261,34573,9180,0.6284,0.7304207306515842
"If ['Longitude 6', 'Month 28', 'Region Name ISLAND OF HAWAII, HAWAII', 'Year 41'], Then ['Latitude 148']","('Longitude 6', 'Month 28', 'Region Name ISLAND OF HAWAII, HAWAII', 'Year 41')","('Latitude 148',)",9023,34573,8971,0.6269,0.7379061371841156
"If ['Longitude 6', 'Month 28', 'Year 41'], Then ['Latitude 148']","('Longitude 6', 'Month 28', 'Year 41')","('Latitude 148',)",9082,34573,9007,0.6261,0.7357134610944355
"If ['Depth 6', 'Longitude 6', 'Magnitude Type ML', 'Region Name ISLAND OF HAWAII, HAWAII'], Then ['Latitude 148']","('Depth 6', 'Longitude 6', 'Magnitude Type ML', 'Region Name ISLAND OF HAWAII, HAWAII')","('Latitude 148',)",8774,34573,8760,0.6259,0.7459160956428716
"If ['Depth 6', 'Longitude 6', 'Magnitude Type ML'], Then ['Latitude 148']","('Depth 6', 'Longitude 6', 'Magnitude Type ML')","('Latitude 148',)",8815,34573,8789,0.6256,0.7444723835949015
"If ['Depth 6', 'Longitude 6', 'Magnitude Type ML', 'Region Name ISLAND OF HAWAII, HAWAII', 'Year 41'], Then ['Latitude 148']","('Depth 6', 'Longitude 6', 'Magnitude Type ML', 'Region Name ISLAND OF HAWAII, HAWAII', 'Year 41')","('Latitude 148',)",8632,34573,8627,0.6245,0.7502169009196599
"If ['Depth 6', 'Longitude 6', 'Magnitude Type ML', 'Year 41'], Then ['Latitude 148']","('Depth 6', 'Longitude 6', 'Magnitude Type ML', 'Year 41')","('Latitude 148',)",8658,34573,8647,0.6244,0.7493349525792274
"If ['Latitude 148', 'Longitude 6'], Then ['Year 41']","('Latitude 148', 'Longitude 6')","('Year 41',)",28010,73186,25152,0.6208,0.5940771132502236
"If ['Latitude 148', 'Longitude 6', 'Region Name ISLAND OF HAWAII, HAWAII'], Then ['Year 41']","('Latitude 148', 'Longitude 6', 'Region Name ISLAND OF HAWAII, HAWAII')","('Year 41',)",27191,73186,24576,0.6198,0.6067861901558027
"If ['Region Name CRETE, GREECE'], Then ['Latitude 172', 'Magnitude Type ML']","('Region Name CRETE, GREECE',)","('Latitude 172', 'Magnitude Type ML')",6551,5482,3695,0.619,0.1282082034060926
"If ['Depth 5', 'Longitude 6', 'Magnitude Type ML', 'Region Name ISLAND OF HAWAII, HAWAII'], Then ['Latitude 148']","('Depth 5', 'Longitude 6', 'Magnitude Type ML', 'Region Name ISLAND OF HAWAII, HAWAII')","('Latitude 148',)",8268,34573,8252,0.6184,0.7605018936656163
"If ['Depth 5', 'Longitude 6', 'Magnitude Type ML', 'Region Name ISLAND OF HAWAII, HAWAII', 'Year 41'], Then ['Latitude 148']","('Depth 5', 'Longitude 6', 'Magnitude Type ML', 'Region Name ISLAND OF HAWAII, HAWAII', 'Year 41')","('Latitude 148',)",8228,34573,8216,0.6181,0.7617464218591875
"If ['Region Name OAXACA, MEXICO'], Then ['Magnitude Type  M']","('Region Name OAXACA, MEXICO',)","('Magnitude Type  M',)",4996,17760,4818,0.6178,0.7115620470509533
"If ['Depth 5', 'Longitude 6', 'Magnitude Type ML', 'Year 41'], Then ['Latitude 148']","('Depth 5', 'Longitude 6', 'Magnitude Type ML', 'Year 41')","('Latitude 148',)",8283,34573,8249,0.6172,0.7596728985465369
"If ['Magnitude Type ML', 'Region Name ANTOFAGASTA, CHILE'], Then ['Longitude 29']","('Magnitude Type ML', 'Region Name ANTOFAGASTA, CHILE')","('Longitude 29',)",5025,17759,4811,0.6142,0.7085072052523229
"If ['Longitude 6', 'Magnitude Type ML', 'Month 28', 'Region Name ISLAND OF HAWAII, HAWAII'], Then ['Latitude 148']","('Longitude 6', 'Magnitude Type ML', 'Month 28', 'Region Name ISLAND OF HAWAII, HAWAII')","('Latitude 148',)",8156,34573,8099,0.6136,0.7628356915968814
"If ['Latitude 177', 'Longitude 52', 'Magnitude Type ML'], Then ['Region Name GREECE']","('Latitude 177', 'Longitude 52', 'Magnitude Type ML')","('Region Name GREECE',)",4058,13565,3833,0.6136,0.6894126178390138
"If ['Longitude 6', 'Magnitude Type ML', 'Month 28', 'Region Name ISLAND OF HAWAII, HAWAII', 'Year 41'], Then ['Latitude 148']","('Longitude 6', 'Magnitude Type ML', 'Month 28', 'Region Name ISLAND OF HAWAII, HAWAII', 'Year 41')","('Latitude 148',)",8034,34573,7994,0.6131,0.7667350417473203
"If ['Longitude 6', 'Magnitude Type ML', 'Month 28', 'Year 41'], Then ['Latitude 148']","('Longitude 6', 'Magnitude Type ML', 'Month 28', 'Year 41')","('Latitude 148',)",8070,34573,8011,0.6122,0.7652748902748903
"If ['Latitude 148', 'Longitude 6', 'Magnitude Type ML'], Then ['Year 41']","('Latitude 148', 'Longitude 6', 'Magnitude Type ML')","('Year 41',)",22697,73186,21162,0.6108,0.6757002716773063
"If ['Latitude 148', 'Longitude 6', 'Magnitude Type ML', 'Region Name ISLAND OF HAWAII, HAWAII'], Then ['Year 41']","('Latitude 148', 'Longitude 6', 'Magnitude Type ML', 'Region Name ISLAND OF HAWAII, HAWAII')","('Year 41',)",22309,73186,20866,0.6102,0.6817323024561498
"If ['Magnitude Type ML', 'Region Name SOUTHERN GREECE'], Then ['Longitude 53']","('Magnitude Type ML', 'Region Name SOUTHERN GREECE')","('Longitude 53',)",4079,18164,4059,0.6093,0.7745820501539815
"If ['Magnitude Type ML', 'Year 41'], Then ['Latitude 148', 'Longitude 6']","('Magnitude Type ML', 'Year 41')","('Latitude 148', 'Longitude 6')",46018,28010,21162,0.6077,0.3406348125449249
"If ['Depth 5', 'Magnitude Type ML', 'Year 41'], Then ['Longitude 6']","('Depth 5', 'Magnitude Type ML', 'Year 41')","('Longitude 6',)",8825,30265,8283,0.6061,0.6959457266205733
"If ['Latitude 148', 'Magnitude Type ML'], Then ['Year 41']","('Latitude 148', 'Magnitude Type ML')","('Year 41',)",23432,73186,21480,0.6051,0.6621682770369187
"If ['Depth 6', 'Latitude 148', 'Longitude 6', 'Month 33'], Then ['Region Name ISLAND OF HAWAII, HAWAII', 'Year 41']","('Depth 6', 'Latitude 148', 'Longitude 6', 'Month 33')","('Region Name ISLAND OF HAWAII, HAWAII', 'Year 41')",4822,24930,4806,0.5947,0.8060610919586306
"If ['Depth 6', 'Longitude 6', 'Month 33', 'Year 41'], Then ['Region Name ISLAND OF HAWAII, HAWAII']","('Depth 6', 'Longitude 6', 'Month 33', 'Year 41')","('Region Name ISLAND OF HAWAII, HAWAII',)",4808,27976,4808,0.5859,0.8281384043465828
"If ['Depth 6', 'Latitude 148', 'Longitude 6', 'Month 33', 'Year 41'], Then ['Region Name ISLAND OF HAWAII, HAWAII']","('Depth 6', 'Latitude 148', 'Longitude 6', 'Month 33', 'Year 41')","('Region Name ISLAND OF HAWAII, HAWAII',)",4806,27976,4806,0.5859,0.8282098941950243
"If ['Magnitude Type ML', 'Region Name TARAPACA, CHILE'], Then ['Longitude 29']","('Magnitude Type ML', 'Region Name TARAPACA, CHILE')","('Longitude 29',)",3596,17759,3493,0.584,0.7929123278468256
"If ['Depth 6', 'Longitude 6', 'Magnitude Type ML', 'Month 33'], Then ['Latitude 148', 'Region Name ISLAND OF HAWAII, HAWAII', 'Year 41']","('Depth 6', 'Longitude 6', 'Magnitude Type ML', 'Month 33')","('Latitude 148', 'Region Name ISLAND OF HAWAII, HAWAII', 'Year 41')",4189,24576,4179,0.5838,0.8292117465224111
"If ['Depth 6', 'Latitude 148', 'Longitude 6', 'Magnitude Type ML', 'Month 33'], Then ['Region Name ISLAND OF HAWAII, HAWAII', 'Year 41']","('Depth 6', 'Latitude 148', 'Longitude 6', 'Magnitude Type ML', 'Month 33')","('Region Name ISLAND OF HAWAII, HAWAII', 'Year 41')",4186,24930,4179,0.583,0.8318562778201066
"If ['Latitude 148', 'Longitude 6', 'Region Name ISLAND OF HAWAII, HAWAII'], Then ['Month 33', 'Year 41']","('Latitude 148', 'Longitude 6', 'Region Name ISLAND OF HAWAII, HAWAII')","('Month 33', 'Year 41')",27191,14545,11024,0.5817,0.41176087522792393
"If ['Depth 6', 'Magnitude Type ML', 'Year 41'], Then ['Longitude 6']","('Depth 6', 'Magnitude Type ML', 'Year 41')","('Longitude 6',)",9896,30265,8658,0.5805,0.6465733422213757
"If ['Depth 5', 'Latitude 148', 'Longitude 6', 'Magnitude Type ML', 'Month 33'], Then ['Region Name ISLAND OF HAWAII, HAWAII', 'Year 41']","('Depth 5', 'Latitude 148', 'Longitude 6', 'Magnitude Type ML', 'Month 33')","('Region Name ISLAND OF HAWAII, HAWAII', 'Year 41')",3928,24930,3926,0.5785,0.8423712497994545
"If ['Depth 5', 'Latitude 148', 'Longitude 6', 'Month 33', 'Year 41'], Then ['Region Name ISLAND OF HAWAII, HAWAII']","('Depth 5', 'Latitude 148', 'Longitude 6', 'Month 33', 'Year 41')","('Region Name ISLAND OF HAWAII, HAWAII',)",4366,27976,4361,0.5774,0.8437868553661413
"If ['Latitude 144', 'Region Name OAXACA, MEXICO'], Then ['Magnitude Type  M']","('Latitude 144', 'Region Name OAXACA, MEXICO')","('Magnitude Type  M',)",3501,17760,3376,0.5772,0.7972602739726027
"If ['Depth 6', 'Longitude 6', 'Magnitude Type ML', 'Month 33', 'Year 41'], Then ['Region Name ISLAND OF HAWAII, HAWAII']","('Depth 6', 'Longitude 6', 'Magnitude Type ML', 'Month 33', 'Year 41')","('Region Name ISLAND OF HAWAII, HAWAII',)",4180,27976,4180,0.5747,0.8505862167572205
"If ['Depth 6', 'Magnitude Type ML', 'Month 33', 'Region Name ISLAND OF HAWAII, HAWAII', 'Year 41'], Then ['Latitude 148', 'Longitude 6']","('Depth 6', 'Magnitude Type ML', 'Month 33', 'Region Name ISLAND OF HAWAII, HAWAII', 'Year 41')","('Latitude 148', 'Longitude 6')",4180,28010,4179,0.5745,0.8507372103816357
"If ['Magnitude Type ML', 'Region Name IONIAN SEA'], Then ['Latitude 176']","('Magnitude Type ML', 'Region Name IONIAN SEA')","('Latitude 176',)",4357,14582,3838,0.572,0.6771074763260712
"If ['Depth 6', 'Longitude 6', 'Month 28'], Then ['Latitude 148', 'Year 41']","('Depth 6', 'Longitude 6', 'Month 28')","('Latitude 148', 'Year 41')",3827,26000,3808,0.5707,0.8521849417733195
"If ['Longitude 52', 'Region Name IONIAN SEA'], Then ['Latitude 176', 'Magnitude Type ML']","('Longitude 52', 'Region Name IONIAN SEA')","('Latitude 176', 'Magnitude Type ML')",3962,12267,3417,0.5705,0.6482204183577895
"If ['Depth 5', 'Longitude 6', 'Magnitude Type ML', 'Month 33', 'Year 41'], Then ['Region Name ISLAND OF HAWAII, HAWAII']","('Depth 5', 'Longitude 6', 'Magnitude Type ML', 'Month 33', 'Year 41')","('Region Name ISLAND OF HAWAII, HAWAII',)",3928,27976,3927,0.5701,0.8595632126389534
"If ['Depth 5', 'Latitude 148', 'Longitude 6', 'Magnitude Type ML', 'Month 33', 'Year 41'], Then ['Region Name ISLAND OF HAWAII, HAWAII']","('Depth 5', 'Latitude 148', 'Longitude 6', 'Magnitude Type ML', 'Month 33', 'Year 41')","('Region Name ISLAND OF HAWAII, HAWAII',)",3927,27976,3926,0.57,0.8595989562855203
"If ['Depth 6', 'Longitude 6', 'Month 33', 'Region Name ISLAND OF HAWAII, HAWAII', 'Year 41'], Then ['Latitude 148']","('Depth 6', 'Longitude 6', 'Month 33', 'Region Name ISLAND OF HAWAII, HAWAII', 'Year 41')","('Latitude 148',)",4808,34573,4806,0.5693,0.860882140274765
"If ['Depth 6', 'Month 33', 'Year 41'], Then ['Longitude 6']","('Depth 6', 'Month 33', 'Year 41')","('Longitude 6',)",4908,30265,4808,0.5692,0.8350732751523136
"If ['Latitude 176', 'Magnitude Type ML', 'Region Name IONIAN SEA'], Then ['Longitude 52']","('Latitude 176', 'Magnitude Type ML', 'Region Name IONIAN SEA')","('Longitude 52',)",3838,13904,3417,0.568,0.7026876090750437
"If ['Depth 5', 'Month 33', 'Year 41'], Then ['Longitude 6']","('Depth 5', 'Month 33', 'Year 41')","('Longitude 6',)",4411,30265,4368,0.5673,0.8530421010954203
"If ['Longitude 22', 'Year 41'], Then ['Magnitude Type  M']","('Longitude 22', 'Year 41')","('Magnitude Type  M',)",3146,17760,3031,0.5671,0.8175664335664335
"If ['Magnitude Type ML', 'Month 33', 'Year 41'], Then ['Latitude 148']","('Magnitude Type ML', 'Month 33', 'Year 41')","('Latitude 148',)",11261,34573,9625,0.5666,0.6438178353448037
"If ['Latitude 148', 'Longitude 6', 'Month 33', 'Region Name ISLAND OF HAWAII, HAWAII'], Then ['Year 41']","('Latitude 148', 'Longitude 6', 'Month 33', 'Region Name ISLAND OF HAWAII, HAWAII')","('Year 41',)",11224,73186,11024,0.5664,0.8443299811953233
"If ['Latitude 148', 'Longitude 6', 'Month 33'], Then ['Year 41']","('Latitude 148', 'Longitude 6', 'Month 33')","('Year 41',)",11264,73186,11040,0.5655,0.8435090587113472
"If ['Depth 5', 'Longitude 6', 'Month 28', 'Region Name ISLAND OF HAWAII, HAWAII'], Then ['Latitude 148', 'Year 41']","('Depth 5', 'Longitude 6', 'Month 28', 'Region Name ISLAND OF HAWAII, HAWAII')","('Latitude 148', 'Year 41')",3428,26000,3417,0.5641,0.8677867056245434
"If ['Depth 5', 'Longitude 6', 'Month 33', 'Year 41'], Then ['Latitude 148']","('Depth 5', 'Longitude 6', 'Month 33', 'Year 41')","('Latitude 148',)",4368,34573,4366,0.5629,0.8736080983369486
"If ['Depth 5', 'Longitude 6', 'Month 33', 'Region Name ISLAND OF HAWAII, HAWAII'], Then ['Latitude 148']","('Depth 5', 'Longitude 6', 'Month 33', 'Region Name ISLAND OF HAWAII, HAWAII')","('Latitude 148',)",4369,34573,4366,0.5628,0.8735539102267469
"If ['Depth 5', 'Longitude 6', 'Month 33', 'Region Name ISLAND OF HAWAII, HAWAII', 'Year 41'], Then ['Latitude 148']","('Depth 5', 'Longitude 6', 'Month 33', 'Region Name ISLAND OF HAWAII, HAWAII', 'Year 41')","('Latitude 148',)",4363,34573,4361,0.5628,0.8737527114967462
"If ['Depth 6', 'Longitude 6', 'Magnitude Type ML', 'Month 28', 'Year 41'], Then ['Latitude 148', 'Region Name ISLAND OF HAWAII, HAWAII']","('Depth 6', 'Longitude 6', 'Magnitude Type ML', 'Month 28', 'Year 41')","('Latitude 148', 'Region Name ISLAND OF HAWAII, HAWAII')",3431,27191,3429,0.5628,0.8737542749972419
"If ['Depth 6', 'Longitude 6', 'Magnitude Type ML', 'Month 28'], Then ['Latitude 148', 'Region Name ISLAND OF HAWAII, HAWAII']","('Depth 6', 'Longitude 6', 'Magnitude Type ML', 'Month 28')","('Latitude 148', 'Region Name ISLAND OF HAWAII, HAWAII')",3441,27191,3435,0.5623,0.873258079935287
"If ['Longitude 52', 'Magnitude Type ML', 'Region Name IONIAN SEA'], Then ['Latitude 176']","('Longitude 52', 'Magnitude Type ML', 'Region Name IONIAN SEA')","('Latitude 176',)",3843,14582,3417,0.5617,0.7155517057569296
"If ['Depth 6', 'Magnitude Type ML', 'Month 33', 'Year 41'], Then ['Longitude 6']","('Depth 6', 'Magnitude Type ML', 'Month 33', 'Year 41')","('Longitude 6',)",4243,30265,4180,0.5616,0.8580189923503033
"If ['Depth 5', 'Magnitude Type ML', 'Month 33', 'Year 41'], Then ['Longitude 6']","('Depth 5', 'Magnitude Type ML', 'Month 33', 'Year 41')","('Longitude 6',)",3955,30265,3928,0.5615,0.8685461507988907
"If ['Depth 5', 'Magnitude Type ML', 'Month 28', 'Region Name ISLAND OF HAWAII, HAWAII'], Then ['Latitude 148', 'Longitude 6', 'Year 41']","('Depth 5', 'Magnitude Type ML', 'Month 28', 'Region Name ISLAND OF HAWAII, HAWAII')","('Latitude 148', 'Longitude 6', 'Year 41')",3135,25152,3130,0.5614,0.8751838454505704
"If ['Depth 6', 'Latitude 148', 'Longitude 6', 'Magnitude Type ML', 'Month 28', 'Year 41'], Then ['Region Name ISLAND OF HAWAII, HAWAII']","('Depth 6', 'Latitude 148', 'Longitude 6', 'Magnitude Type ML', 'Month 28', 'Year 41')","('Region Name ISLAND OF HAWAII, HAWAII',)",3429,27976,3429,0.5613,0.8774306548470118
"If ['Depth 6', 'Longitude 6', 'Magnitude Type ML', 'Month 33', 'Region Name ISLAND OF HAWAII, HAWAII', 'Year 41'], Then ['Latitude 148']","('Depth 6', 'Longitude 6', 'Magnitude Type ML', 'Month 33', 'Region Name ISLAND OF HAWAII, HAWAII', 'Year 41')","('Latitude 148',)",4180,34573,4179,0.5603,0.8790709781917048
"If ['Depth 5', 'Latitude 148', 'Longitude 6', 'Month 28', 'Year 41'], Then ['Region Name ISLAND OF HAWAII, HAWAII']","('Depth 5', 'Latitude 148', 'Longitude 6', 'Month 28', 'Year 41')","('Region Name ISLAND OF HAWAII, HAWAII',)",3425,27976,3417,0.5599,0.8773227558604917
"If ['Latitude 148', 'Longitude 6', 'Magnitude Type ML', 'Month 33', 'Region Name ISLAND OF HAWAII, HAWAII'], Then ['Year 41']","('Latitude 148', 'Longitude 6', 'Magnitude Type ML', 'Month 33', 'Region Name ISLAND OF HAWAII, HAWAII')","('Year 41',)",9687,73186,9571,0.5594,0.8662655862050148
"If ['Depth 5', 'Longitude 6', 'Magnitude Type ML', 'Month 28', 'Region Name ISLAND OF HAWAII, HAWAII'], Then ['Latitude 148', 'Year 41']","('Depth 5', 'Longitude 6', 'Magnitude Type ML', 'Month 28', 'Region Name ISLAND OF HAWAII, HAWAII')","('Latitude 148', 'Year 41')",3135,26000,3130,0.5594,0.8792539896173813
"If ['Latitude 148', 'Longitude 6', 'Magnitude Type ML', 'Month 33'], Then ['Year 41']","('Latitude 148', 'Longitude 6', 'Magnitude Type ML', 'Month 33')","('Year 41',)",9710,73186,9577,0.5586,0.8657510331564806
"If ['Depth 6', 'Latitude 148', 'Longitude 6', 'Region Name ISLAND OF HAWAII, HAWAII'], Then ['Year 41']","('Depth 6', 'Latitude 148', 'Longitude 6', 'Region Name ISLAND OF HAWAII, HAWAII')","('Year 41',)",10166,73186,9954,0.5576,0.8586065015395515
"If ['Depth 6', 'Latitude 148', 'Longitude 6'], Then ['Year 41']","('Depth 6', 'Latitude 148', 'Longitude 6')","('Year 41',)",10235,73186,10011,0.5575,0.8575262225854788
"If ['Latitude 148', 'Magnitude Type ML', 'Month 33'], Then ['Year 41']","('Latitude 148', 'Magnitude Type ML', 'Month 33')","('Year 41',)",9793,73186,9625,0.5572,0.8642064509092892
"If ['Depth 5', 'Latitude 148', 'Longitude 6'], Then ['Year 41']","('Depth 5', 'Latitude 148', 'Longitude 6')","('Year 41',)",9456,73186,9329,0.557,0.8692864839796489
"If ['Depth 5', 'Latitude 148', 'Longitude 6', 'Region Name ISLAND OF HAWAII, HAWAII'], Then ['Year 41']","('Depth 5', 'Latitude 148', 'Longitude 6', 'Region Name ISLAND OF HAWAII, HAWAII')","('Year 41',)",9366,73186,9246,0.5568,0.8705972226011514
"If ['Depth 5', 'Longitude 6', 'Magnitude Type ML', 'Month 33', 'Region Name ISLAND OF HAWAII, HAWAII', 'Year 41'], Then ['Latitude 148']","('Depth 5', 'Longitude 6', 'Magnitude Type ML', 'Month 33', 'Region Name ISLAND OF HAWAII, HAWAII', 'Year 41')","('Latitude 148',)",3927,34573,3926,0.5567,0.8863886157227975
"If ['Depth 5', 'Latitude 148', 'Longitude 6', 'Magnitude Type ML', 'Month 28', 'Year 41'], Then ['Region Name ISLAND OF HAWAII, HAWAII']","('Depth 5', 'Latitude 148', 'Longitude 6', 'Magnitude Type ML', 'Month 28', 'Year 41')","('Region Name ISLAND OF HAWAII, HAWAII',)",3134,27976,3130,0.5553,0.8878484631879914
"If ['Depth 6', 'Longitude 6', 'Month 28', 'Region Name ISLAND OF HAWAII, HAWAII', 'Year 41'], Then ['Latitude 148']","('Depth 6', 'Longitude 6', 'Month 28', 'Region Name ISLAND OF HAWAII, HAWAII', 'Year 41')","('Latitude 148',)",3805,34573,3804,0.5549,0.8899172788800833
"If ['Depth 6', 'Longitude 6', 'Month 28', 'Region Name ISLAND OF HAWAII, HAWAII'], Then ['Latitude 148']","('Depth 6', 'Longitude 6', 'Month 28', 'Region Name ISLAND OF HAWAII, HAWAII')","('Latitude 148',)",3819,34573,3816,0.5548,0.8894608977325312
"If ['Depth 5', 'Latitude 148', 'Longitude 6', 'Magnitude Type ML'], Then ['Year 41']","('Depth 5', 'Latitude 148', 'Longitude 6', 'Magnitude Type ML')","('Year 41',)",8290,73186,8249,0.5539,0.886230488754148
"If ['Depth 5', 'Latitude 148', 'Longitude 6', 'Magnitude Type ML', 'Region Name ISLAND OF HAWAII, HAWAII'], Then ['Year 41']","('Depth 5', 'Latitude 148', 'Longitude 6', 'Magnitude Type ML', 'Region Name ISLAND OF HAWAII, HAWAII')","('Year 41',)",8252,73186,8216,0.5539,0.8868099751440823
"If ['Depth 5', 'Longitude 6', 'Magnitude Type ML'], Then ['Year 41']","('Depth 5', 'Longitude 6', 'Magnitude Type ML')","('Year 41',)",8350,73186,8283,0.5526,0.8850968561014566
"If ['Depth 5', 'Month 28', 'Year 41'], Then ['Longitude 6']","('Depth 5', 'Month 28', 'Year 41')","('Longitude 6',)",3462,30265,3430,0.552,0.8846750503350167
"If ['Depth 6', 'Latitude 148', 'Longitude 6', 'Magnitude Type ML', 'Region Name ISLAND OF HAWAII, HAWAII'], Then ['Year 41']","('Depth 6', 'Latitude 148', 'Longitude 6', 'Magnitude Type ML', 'Region Name ISLAND OF HAWAII, HAWAII')","('Year 41',)",8760,73186,8627,0.5513,0.8787081111308119
"If ['Depth 6', 'Latitude 148', 'Longitude 6', 'Magnitude Type ML'], Then ['Year 41']","('Depth 6', 'Latitude 148', 'Longitude 6', 'Magnitude Type ML')","('Year 41',)",8789,73186,8647,0.551,0.8782047785293476
"If ['Depth 6', 'Longitude 6', 'Magnitude Type ML'], Then ['Year 41']","('Depth 6', 'Longitude 6', 'Magnitude Type ML')","('Year 41',)",8815,73186,8658,0.5502,0.8776706706843189
"If ['Latitude 148', 'Longitude 6', 'Month 28', 'Region Name ISLAND OF HAWAII, HAWAII'], Then ['Year 41']","('Latitude 148', 'Longitude 6', 'Month 28', 'Region Name ISLAND OF HAWAII, HAWAII')","('Year 41',)",9180,73186,8971,0.5499,0.872075754479188
"If ['Depth 6', 'Longitude 6', 'Magnitude Type ML', 'Month 28', 'Region Name ISLAND OF HAWAII, HAWAII', 'Year 41'], Then ['Latitude 148']","('Depth 6', 'Longitude 6', 'Magnitude Type ML', 'Month 28', 'Region Name ISLAND OF HAWAII, HAWAII', 'Year 41')","('Latitude 148',)",3430,34573,3429,0.5494,0.9007635795684619
"If ['Depth 6', 'Longitude 6', 'Magnitude Type ML', 'Month 28', 'Year 41'], Then ['Latitude 148']","('Depth 6', 'Longitude 6', 'Magnitude Type ML', 'Month 28', 'Year 41')","('Latitude 148',)",3431,34573,3429,0.5493,0.9007086044830079
"If ['Depth 6', 'Longitude 6', 'Magnitude Type ML', 'Month 28', 'Region Name ISLAND OF HAWAII, HAWAII'], Then ['Latitude 148']","('Depth 6', 'Longitude 6', 'Magnitude Type ML', 'Month 28', 'Region Name ISLAND OF HAWAII, HAWAII')","('Latitude 148',)",3438,34573,3435,0.5492,0.90048010180472
"If ['Depth 6', 'Magnitude Type ML', 'Month 28', 'Year 41'], Then ['Longitude 6']","('Depth 6', 'Magnitude Type ML', 'Month 28', 'Year 41')","('Longitude 6',)",3484,30265,3431,0.5491,0.8833366317039383
"If ['Depth 5', 'Longitude 6', 'Month 28', 'Year 41'], Then ['Latitude 148']","('Depth 5', 'Longitude 6', 'Month 28', 'Year 41')","('Latitude 148',)",3430,34573,3425,0.5488,0.9006593787957661
"If ['Depth 5', 'Longitude 6', 'Month 28', 'Region Name ISLAND OF HAWAII, HAWAII', 'Year 41'], Then ['Latitude 148']","('Depth 5', 'Longitude 6', 'Month 28', 'Region Name ISLAND OF HAWAII, HAWAII', 'Year 41')","('Latitude 148',)",3422,34573,3417,0.5487,0.9008907397767366
"If ['Depth 5', 'Magnitude Type ML', 'Month 28', 'Year 41'], Then ['Longitude 6']","('Depth 5', 'Magnitude Type ML', 'Month 28', 'Year 41')","('Longitude 6',)",3157,30265,3136,0.5485,0.8950670276695503
"If ['Latitude 148', 'Longitude 6', 'Magnitude Type ML', 'Month 28', 'Region Name ISLAND OF HAWAII, HAWAII'], Then ['Year 41']","('Latitude 148', 'Longitude 6', 'Magnitude Type ML', 'Month 28', 'Region Name ISLAND OF HAWAII, HAWAII')","('Year 41',)",8099,73186,7994,0.5481,0.8880626543504659
"If ['Latitude 148', 'Longitude 6', 'Month 28'], Then ['Year 41']","('Latitude 148', 'Longitude 6', 'Month 28')","('Year 41',)",9272,73186,9007,0.5472,0.8701583368504173
"If ['Latitude 148', 'Longitude 6', 'Magnitude Type ML', 'Month 28'], Then ['Year 41']","('Latitude 148', 'Longitude 6', 'Magnitude Type ML', 'Month 28')","('Year 41',)",8135,73186,8011,0.5471,0.8873414268176237
"If ['Latitude 148', 'Magnitude Type ML', 'Month 28'], Then ['Year 41']","('Latitude 148', 'Magnitude Type ML', 'Month 28')","('Year 41',)",8174,73186,8027,0.5458,0.886531302415011
"If ['Depth 5', 'Longitude 6', 'Magnitude Type ML', 'Month 28', 'Year 41'], Then ['Latitude 148']","('Depth 5', 'Longitude 6', 'Magnitude Type ML', 'Month 28', 'Year 41')","('Latitude 148',)",3136,34573,3134,0.545,0.9092407809110629
"If ['Depth 5', 'Longitude 6', 'Magnitude Type ML', 'Month 28', 'Region Name ISLAND OF HAWAII, HAWAII', 'Year 41'], Then ['Latitude 148']","('Depth 5', 'Longitude 6', 'Magnitude Type ML', 'Month 28', 'Region Name ISLAND OF HAWAII, HAWAII', 'Year 41')","('Latitude 148',)",3132,34573,3130,0.5449,0.909356471438901
"If ['Latitude 148', 'Longitude 6', 'Magnitude 33'], Then ['Region Name ISLAND OF HAWAII, HAWAII']","('Latitude 148', 'Longitude 6', 'Magnitude 33')","('Region Name ISLAND OF HAWAII, HAWAII',)",3440,27976,3336,0.5445,0.8737891737891738
"If ['Latitude 148'], Then ['Magnitude Type ML', 'Year 41']","('Latitude 148',)","('Magnitude Type ML', 'Year 41')",34573,46018,21480,0.544,0.19361878499771615
"If ['Latitude 148', 'Longitude 6', 'Magnitude 36'], Then ['Region Name ISLAND OF HAWAII, HAWAII']","('Latitude 148', 'Longitude 6', 'Magnitude 36')","('Region Name ISLAND OF HAWAII, HAWAII',)",3172,27976,3078,0.5402,0.8836480228001425
"If ['Magnitude Type ML', 'Month 28', 'Year 41'], Then ['Latitude 148']","('Magnitude Type ML', 'Month 28', 'Year 41')","('Latitude 148',)",9535,34573,8027,0.537,0.6939386380643552
"If ['Latitude 148', 'Magnitude 33'], Then ['Longitude 6']","('Latitude 148', 'Magnitude 33')","('Longitude 6',)",3584,30265,3440,0.5367,0.877404715709165
"If ['Depth 6', 'Latitude 148', 'Longitude 6', 'Month 33', 'Region Name ISLAND OF HAWAII, HAWAII'], Then ['Year 41']","('Depth 6', 'Latitude 148', 'Longitude 6', 'Month 33', 'Region Name ISLAND OF HAWAII, HAWAII')","('Year 41',)",4821,73186,4806,0.5313,0.9339353287523394
"If ['Depth 6', 'Longitude 6', 'Month 33', 'Region Name ISLAND OF HAWAII, HAWAII'], Then ['Year 41']","('Depth 6', 'Longitude 6', 'Month 33', 'Region Name ISLAND OF HAWAII, HAWAII')","('Year 41',)",4826,73186,4808,0.531,0.9338287525271843
"If ['Longitude 6', 'Magnitude 33', 'Region Name ISLAND OF HAWAII, HAWAII'], Then ['Latitude 148']","('Longitude 6', 'Magnitude 33', 'Region Name ISLAND OF HAWAII, HAWAII')","('Latitude 148',)",3457,34573,3336,0.5307,0.8968697757537326
"If ['Depth 6', 'Longitude 6', 'Month 33'], Then ['Year 41']","('Depth 6', 'Longitude 6', 'Month 33')","('Year 41',)",4829,73186,4808,0.5307,0.9337495048287732
"If ['Depth 5', 'Latitude 148', 'Longitude 6', 'Month 33'], Then ['Year 41']","('Depth 5', 'Latitude 148', 'Longitude 6', 'Month 33')","('Year 41',)",4371,73186,4366,0.5293,0.9402112281564673
"If ['Depth 5', 'Latitude 148', 'Longitude 6', 'Month 33', 'Region Name ISLAND OF HAWAII, HAWAII'], Then ['Year 41']","('Depth 5', 'Latitude 148', 'Longitude 6', 'Month 33', 'Region Name ISLAND OF HAWAII, HAWAII')","('Year 41',)",4366,73186,4361,0.5292,0.940279542566709
"If ['Depth 5', 'Longitude 6', 'Month 33'], Then ['Year 41']","('Depth 5', 'Longitude 6', 'Month 33')","('Year 41',)",4376,73186,4368,0.5289,0.9401043801404487
"If ['Depth 6', 'Latitude 148', 'Longitude 6', 'Magnitude Type ML', 'Month 33', 'Region Name ISLAND OF HAWAII, HAWAII'], Then ['Year 41']","('Depth 6', 'Latitude 148', 'Longitude 6', 'Magnitude Type ML', 'Month 33', 'Region Name ISLAND OF HAWAII, HAWAII')","('Year 41',)",4185,73186,4179,0.5278,0.9427396436769045
"If ['Depth 6', 'Longitude 6', 'Magnitude Type ML', 'Month 33', 'Region Name ISLAND OF HAWAII, HAWAII'], Then ['Year 41']","('Depth 6', 'Longitude 6', 'Magnitude Type ML', 'Month 33', 'Region Name ISLAND OF HAWAII, HAWAII')","('Year 41',)",4188,73186,4180,0.5276,0.9426728966855207
"If ['Depth 6', 'Longitude 6', 'Magnitude Type ML', 'Month 33'], Then ['Year 41']","('Depth 6', 'Longitude 6', 'Magnitude Type ML', 'Month 33')","('Year 41',)",4189,73186,4180,0.5275,0.9426463556253842
"If ['Latitude 148', 'Magnitude 36'], Then ['Longitude 6']","('Latitude 148', 'Magnitude 36')","('Longitude 6',)",3342,30265,3172,0.527,0.8846065385247248
"If ['Depth 5', 'Latitude 148', 'Longitude 6', 'Magnitude Type ML', 'Month 33', 'Region Name ISLAND OF HAWAII, HAWAII'], Then ['Year 41']","('Depth 5', 'Latitude 148', 'Longitude 6', 'Magnitude Type ML', 'Month 33', 'Region Name ISLAND OF HAWAII, HAWAII')","('Year 41',)",3927,73186,3926,0.5267,0.9463292661264979
"If ['Depth 5', 'Longitude 6', 'Magnitude Type ML', 'Month 33', 'Region Name ISLAND OF HAWAII, HAWAII'], Then ['Year 41']","('Depth 5', 'Longitude 6', 'Magnitude Type ML', 'Month 33', 'Region Name ISLAND OF HAWAII, HAWAII')","('Year 41',)",3929,73186,3927,0.5266,0.9462890091271793
"If ['Depth 5', 'Longitude 6', 'Magnitude Type ML', 'Month 33'], Then ['Year 41']","('Depth 5', 'Longitude 6', 'Magnitude Type ML', 'Month 33')","('Year 41',)",3930,73186,3928,0.5266,0.946275345685085
"If ['Depth 5', 'Latitude 148', 'Longitude 6', 'Month 28', 'Year 41'], Then ['Magnitude Type ML', 'Region Name ISLAND OF HAWAII, HAWAII']","('Depth 5', 'Latitude 148', 'Longitude 6', 'Month 28', 'Year 41')","('Magnitude Type ML', 'Region Name ISLAND OF HAWAII, HAWAII')",3425,22795,3130,0.5256,0.8388912949328714
"If ['Depth 6', 'Latitude 148', 'Month 28', 'Year 41'], Then ['Longitude 6', 'Magnitude Type ML', 'Region Name ISLAND OF HAWAII, HAWAII']","('Depth 6', 'Latitude 148', 'Month 28', 'Year 41')","('Longitude 6', 'Magnitude Type ML', 'Region Name ISLAND OF HAWAII, HAWAII')",3808,22795,3429,0.5255,0.8193233796496073
"If ['Latitude 148', 'Longitude 6', 'Magnitude Type MD'], Then ['Region Name ISLAND OF HAWAII, HAWAII']","('Latitude 148', 'Longitude 6', 'Magnitude Type MD')","('Region Name ISLAND OF HAWAII, HAWAII',)",3255,27976,3063,0.5253,0.8776270945754047
"If ['Depth 6', 'Latitude 148', 'Longitude 6', 'Month 28', 'Region Name ISLAND OF HAWAII, HAWAII'], Then ['Year 41']","('Depth 6', 'Latitude 148', 'Longitude 6', 'Month 28', 'Region Name ISLAND OF HAWAII, HAWAII')","('Year 41',)",3816,73186,3804,0.5244,0.9477034891663707
"If ['Depth 6', 'Latitude 148', 'Longitude 6', 'Month 28'], Then ['Year 41']","('Depth 6', 'Latitude 148', 'Longitude 6', 'Month 28')","('Year 41',)",3823,73186,3808,0.5241,0.9475690222811164
"If ['Longitude 6', 'Magnitude 36', 'Region Name ISLAND OF HAWAII, HAWAII'], Then ['Latitude 148']","('Longitude 6', 'Magnitude 36', 'Region Name ISLAND OF HAWAII, HAWAII')","('Latitude 148',)",3209,34573,3078,0.5241,0.9037574919317658
"If ['Depth 6', 'Latitude 148', 'Longitude 6', 'Magnitude Type ML', 'Month 28', 'Region Name ISLAND OF HAWAII, HAWAII'], Then ['Year 41']","('Depth 6', 'Latitude 148', 'Longitude 6', 'Magnitude Type ML', 'Month 28', 'Region Name ISLAND OF HAWAII, HAWAII')","('Year 41',)",3435,73186,3429,0.5226,0.9529866652093125
"If ['Depth 5', 'Latitude 148', 'Longitude 6', 'Month 28', 'Region Name ISLAND OF HAWAII, HAWAII'], Then ['Year 41']","('Depth 5', 'Latitude 148', 'Longitude 6', 'Month 28', 'Region Name ISLAND OF HAWAII, HAWAII')","('Year 41',)",3422,73186,3417,0.5226,0.9531773032203413
"If ['Depth 5', 'Latitude 148', 'Longitude 6', 'Month 28'], Then ['Year 41']","('Depth 5', 'Latitude 148', 'Longitude 6', 'Month 28')","('Year 41',)",3431,73186,3425,0.5225,0.9530413159908186
"If ['Depth 6', 'Latitude 148', 'Longitude 6', 'Magnitude Type ML', 'Month 28'], Then ['Year 41']","('Depth 6', 'Latitude 148', 'Longitude 6', 'Magnitude Type ML', 'Month 28')","('Year 41',)",3437,73186,3429,0.5223,0.9529333005437605
"If ['Depth 5', 'Longitude 6', 'Month 28'], Then ['Year 41']","('Depth 5', 'Longitude 6', 'Month 28')","('Year 41',)",3439,73186,3430,0.5221,0.9528929571692055
"If ['Depth 6', 'Longitude 6', 'Magnitude Type ML', 'Month 28'], Then ['Year 41']","('Depth 6', 'Longitude 6', 'Magnitude Type ML', 'Month 28')","('Year 41',)",3441,73186,3431,0.522,0.9528526148969889
"If ['Longitude 54', 'Region Name WESTERN TURKEY'], Then ['Magnitude Type ML']","('Longitude 54', 'Region Name WESTERN TURKEY')","('Magnitude Type ML',)",9212,192081,9162,0.5211,0.9517933076911066
"If ['Depth 5', 'Latitude 148', 'Longitude 6', 'Magnitude Type ML', 'Month 28', 'Region Name ISLAND OF HAWAII, HAWAII'], Then ['Year 41']","('Depth 5', 'Latitude 148', 'Longitude 6', 'Magnitude Type ML', 'Month 28', 'Region Name ISLAND OF HAWAII, HAWAII')","('Year 41',)",3132,73186,3130,0.5211,0.9571787724763623
"If ['Depth 5', 'Latitude 148', 'Longitude 6', 'Magnitude Type ML', 'Month 28'], Then ['Year 41']","('Depth 5', 'Latitude 148', 'Longitude 6', 'Magnitude Type ML', 'Month 28')","('Year 41',)",3137,73186,3134,0.5209,0.9570973780212874
"If ['Depth 5', 'Longitude 6', 'Magnitude Type ML', 'Month 28'], Then ['Year 41']","('Depth 5', 'Longitude 6', 'Magnitude Type ML', 'Month 28')","('Year 41',)",3142,73186,3136,0.5205,0.9569898349546399
"If ['Longitude 6', 'Magnitude Type MD', 'Region Name ISLAND OF HAWAII, HAWAII'], Then ['Latitude 148']","('Longitude 6', 'Magnitude Type MD', 'Region Name ISLAND OF HAWAII, HAWAII')","('Latitude 148',)",3219,34573,3063,0.5201,0.9028189697371073
"If ['Longitude 55', 'Region Name WESTERN TURKEY'], Then ['Magnitude Type ML']","('Longitude 55', 'Region Name WESTERN TURKEY')","('Magnitude Type ML',)",9376,192081,9273,0.5186,0.9506774757524039
"If ['Longitude 54', 'Year 33'], Then ['Magnitude Type ML']","('Longitude 54', 'Year 33')","('Magnitude Type ML',)",8733,192081,8624,0.5162,0.9539934439877205
"If ['Longitude 54', 'Region Name NEAR THE COAST OF WESTERN TURKEY'], Then ['Magnitude Type ML']","('Longitude 54', 'Region Name NEAR THE COAST OF WESTERN TURKEY')","('Magnitude Type ML',)",6830,192081,6796,0.5152,0.9642713999427426
"If ['Depth 5', 'Magnitude Type ML'], Then ['Year 41']","('Depth 5', 'Magnitude Type ML')","('Year 41',)",9708,73186,8825,0.5148,0.8570117053018131
"If ['Longitude 6', 'Magnitude 43'], Then ['Latitude 148']","('Longitude 6', 'Magnitude 43')","('Latitude 148',)",3294,34573,3095,0.5146,0.8995456114114805
"If ['Longitude 6', 'Magnitude 36'], Then ['Latitude 148']","('Longitude 6', 'Magnitude 36')","('Latitude 148',)",3391,34573,3172,0.5136,0.8962405150609335
"If ['Longitude 53', 'Region Name GREECE'], Then ['Magnitude Type ML']","('Longitude 53', 'Region Name GREECE')","('Magnitude Type ML',)",7379,192081,7287,0.5127,0.9611235709490927
"If ['Latitude 179', 'Longitude 54'], Then ['Magnitude Type ML']","('Latitude 179', 'Longitude 54')","('Magnitude Type ML',)",5489,192081,5466,0.5121,0.9713072085953441
"If ['Latitude 178', 'Longitude 54'], Then ['Magnitude Type ML']","('Latitude 178', 'Longitude 54')","('Magnitude Type ML',)",5543,192081,5511,0.5115,0.9709806207804782
"If ['Region Name CENTRAL TURKEY'], Then ['Magnitude Type ML']","('Region Name CENTRAL TURKEY',)","('Magnitude Type ML',)",6372,192081,6304,0.5111,0.9664843428797444
"If ['Longitude 50'], Then ['Magnitude Type ML']","('Longitude 50',)","('Magnitude Type ML',)",8274,192081,8107,0.511,0.9560931713203779
"If ['Latitude 177', 'Region Name GREECE'], Then ['Magnitude Type ML']","('Latitude 177', 'Region Name GREECE')","('Magnitude Type ML',)",6786,192081,6687,0.5101,0.9641742116765533
"If ['Region Name WESTERN TURKEY', 'Year 0'], Then ['Magnitude Type ML']","('Region Name WESTERN TURKEY', 'Year 0')","('Magnitude Type ML',)",4639,192081,4620,0.51,0.9757522123893805
"If ['Longitude 54', 'Magnitude 31'], Then ['Magnitude Type ML']","('Longitude 54', 'Magnitude 31')","('Magnitude Type ML',)",3942,192081,3940,0.51,0.9794672094875653
"If ['Latitude 175', 'Longitude 54'], Then ['Magnitude Type ML']","('Latitude 175', 'Longitude 54')","('Magnitude Type ML',)",5427,192081,5381,0.5098,0.9715136342107044
"If ['Latitude 148', 'Magnitude 43'], Then ['Longitude 6']","('Latitude 148', 'Magnitude 43')","('Longitude 6',)",3374,30265,3095,0.5098,0.8804020429544264
"If ['Longitude 50', 'Region Name CENTRAL ITALY'], Then ['Magnitude Type ML']","('Longitude 50', 'Region Name CENTRAL ITALY')","('Magnitude Type ML',)",5656,192081,5601,0.5097,0.9702762626472915
"If ['Longitude 54', 'Magnitude 33'], Then ['Magnitude Type ML']","('Longitude 54', 'Magnitude 33')","('Magnitude Type ML',)",3776,192081,3775,0.5097,0.9803365229433263
"If ['Longitude 54', 'Year 0'], Then ['Magnitude Type ML']","('Longitude 54', 'Year 0')","('Magnitude Type ML',)",6399,192081,6309,0.5094,0.9662331985575346
"If ['Longitude 6', 'Magnitude Type MD'], Then ['Latitude 148']","('Longitude 6', 'Magnitude Type MD')","('Latitude 148',)",3523,34573,3255,0.509,0.891191412416406
"If ['Longitude 54', 'Magnitude 36'], Then ['Magnitude Type ML']","('Longitude 54', 'Magnitude 36')","('Magnitude Type ML',)",3466,192081,3465,0.5089,0.9819504170094022
"If ['Longitude 58', 'Region Name EASTERN TURKEY'], Then ['Magnitude Type ML']","('Longitude 58', 'Region Name EASTERN TURKEY')","('Magnitude Type ML',)",5716,192081,5648,0.5088,0.9698983601267767
"If ['Depth 12', 'Region Name WESTERN TURKEY'], Then ['Magnitude Type ML']","('Depth 12', 'Region Name WESTERN TURKEY')","('Magnitude Type ML',)",3993,192081,3974,0.508,0.9791150442477876
"If ['Depth 12', 'Longitude 54'], Then ['Magnitude Type ML']","('Depth 12', 'Longitude 54')","('Magnitude Type ML',)",4046,192081,4024,0.5078,0.9788238601167082
"If ['Longitude 54', 'Region Name NEAR THE COAST OF WESTERN TURKEY', 'Year 33'], Then ['Magnitude Type ML']","('Longitude 54', 'Region Name NEAR THE COAST OF WESTERN TURKEY', 'Year 33')","('Magnitude Type ML',)",4035,192081,4013,0.5077,0.9788811210652618
"If ['Magnitude 31', 'Region Name WESTERN TURKEY'], Then ['Magnitude Type ML']","('Magnitude 31', 'Region Name WESTERN TURKEY')","('Magnitude Type ML',)",3250,192081,3243,0.5074,0.9830442297280413
"If ['Latitude 175', 'Magnitude Type ML', 'Region Name DODECANESE IS.-TURKEY BORDER REG'], Then ['Longitude 54']","('Latitude 175', 'Magnitude Type ML', 'Region Name DODECANESE IS.-TURKEY BORDER REG')","('Longitude 54',)",3418,30553,3117,0.507,0.8794645750956116
"If ['Longitude 54', 'Region Name DODECANESE IS.-TURKEY BORDER REG'], Then ['Magnitude Type ML']","('Longitude 54', 'Region Name DODECANESE IS.-TURKEY BORDER REG')","('Magnitude Type ML',)",3991,192081,3960,0.5064,0.979064295827434
"If ['Latitude 184', 'Longitude 50', 'Region Name CENTRAL ITALY'], Then ['Magnitude Type ML']","('Latitude 184', 'Longitude 50', 'Region Name CENTRAL ITALY')","('Magnitude Type ML',)",4414,192081,4368,0.5062,0.9767861883025291
"If ['Latitude 179', 'Longitude 54', 'Region Name NEAR THE COAST OF WESTERN TURKEY'], Then ['Magnitude Type ML']","('Latitude 179', 'Longitude 54', 'Region Name NEAR THE COAST OF WESTERN TURKEY')","('Magnitude Type ML',)",3338,192081,3321,0.5061,0.982534956116149
"If ['Latitude 178', 'Region Name WESTERN TURKEY'], Then ['Magnitude Type ML']","('Latitude 178', 'Region Name WESTERN TURKEY')","('Magnitude Type ML',)",3656,192081,3631,0.506,0.9808387036323696
"If ['Region Name WESTERN TURKEY', 'Year 24'], Then ['Magnitude Type ML']","('Region Name WESTERN TURKEY', 'Year 24')","('Magnitude Type ML',)",3218,192081,3203,0.506,0.983169873396635
"If ['Latitude 184', 'Longitude 50'], Then ['Magnitude Type ML']","('Latitude 184', 'Longitude 50')","('Magnitude Type ML',)",4415,192081,4368,0.506,0.9767758994003998
"If ['Latitude 178', 'Region Name GREECE'], Then ['Magnitude Type ML']","('Latitude 178', 'Region Name GREECE')","('Magnitude Type ML',)",4254,192081,4211,0.5059,0.9776342362224397
"If ['Region Name AEGEAN SEA'], Then ['Magnitude Type ML']","('Region Name AEGEAN SEA',)","('Magnitude Type ML',)",3924,192081,3889,0.5057,0.9793926586020946
"If ['Longitude 54', 'Year 8'], Then ['Magnitude Type ML']","('Longitude 54', 'Year 8')","('Magnitude Type ML',)",5382,192081,5294,0.5056,0.9715354713819607
"If ['Latitude 178', 'Region Name EASTERN TURKEY'], Then ['Magnitude Type ML']","('Latitude 178', 'Region Name EASTERN TURKEY')","('Magnitude Type ML',)",3979,192081,3939,0.5052,0.9790808917296911
"If ['Latitude 175', 'Longitude 54', 'Region Name DODECANESE IS.-TURKEY BORDER REG'], Then ['Magnitude Type ML']","('Latitude 175', 'Longitude 54', 'Region Name DODECANESE IS.-TURKEY BORDER REG')","('Magnitude Type ML',)",3138,192081,3117,0.5048,0.9835556110816129
"If ['Latitude 175', 'Region Name WESTERN TURKEY'], Then ['Magnitude Type ML']","('Latitude 175', 'Region Name WESTERN TURKEY')","('Magnitude Type ML',)",3788,192081,3748,0.5045,0.9800750568652047
"If ['Longitude 56', 'Region Name CENTRAL TURKEY'], Then ['Magnitude Type ML']","('Longitude 56', 'Region Name CENTRAL TURKEY')","('Magnitude Type ML',)",3704,192081,3659,0.5035,0.9804867638945276
"If ['Latitude 178', 'Longitude 53'], Then ['Magnitude Type ML']","('Latitude 178', 'Longitude 53')","('Magnitude Type ML',)",3156,192081,3126,0.5034,0.9834158377188188
"If ['Longitude 54', 'Year 24'], Then ['Magnitude Type ML']","('Longitude 54', 'Year 24')","('Magnitude Type ML',)",3527,192081,3486,0.5033,0.981428467328052
"If ['Region Name WESTERN TURKEY', 'Year 33'], Then ['Magnitude Type ML']","('Region Name WESTERN TURKEY', 'Year 33')","('Magnitude Type ML',)",3181,192081,3149,0.5032,0.9832754680838881
"If ['Latitude 177', 'Longitude 53'], Then ['Magnitude Type ML']","('Latitude 177', 'Longitude 53')","('Magnitude Type ML',)",3495,192081,3450,0.5025,0.9815745916742138
"If ['Latitude 177', 'Longitude 52'], Then ['Magnitude Type ML']","('Latitude 177', 'Longitude 52')","('Magnitude Type ML',)",4126,192081,4058,0.5023,0.9781731885151627
"If ['Longitude 54', 'Month 5'], Then ['Magnitude Type ML']","('Longitude 54', 'Month 5')","('Magnitude Type ML',)",3321,192081,3279,0.5022,0.9824955887634484
"If ['Longitude 53', 'Region Name SOUTHERN GREECE'], Then ['Magnitude Type ML']","('Longitude 53', 'Region Name SOUTHERN GREECE')","('Magnitude Type ML',)",4130,192081,4059,0.502,0.9781370997959948
"If ['Region Name WESTERN TURKEY', 'Year 8'], Then ['Magnitude Type ML']","('Region Name WESTERN TURKEY', 'Year 8')","('Magnitude Type ML',)",3546,192081,3495,0.5019,0.9812784960339767
"If ['Latitude 177', 'Longitude 52', 'Region Name GREECE'], Then ['Magnitude Type ML']","('Latitude 177', 'Longitude 52', 'Region Name GREECE')","('Magnitude Type ML',)",3897,192081,3833,0.5018,0.9793853600145723
"If ['Longitude 53', 'Year 33'], Then ['Magnitude Type ML']","('Longitude 53', 'Year 33')","('Magnitude Type ML',)",3070,192081,3032,0.5017,0.983822526663162
"If ['Longitude 54', 'Year 16'], Then ['Magnitude Type ML']","('Longitude 54', 'Year 16')","('Magnitude Type ML',)",4235,192081,4154,0.5012,0.9775397841404648
"If ['Longitude 53', 'Year 8'], Then ['Magnitude Type ML']","('Longitude 53', 'Year 8')","('Magnitude Type ML',)",3446,192081,3393,0.5011,0.9817887516004455
"If ['Longitude 54', 'Month 28'], Then ['Magnitude Type ML']","('Longitude 54', 'Month 28')","('Magnitude Type ML',)",3381,192081,3327,0.5007,0.9821219455070653
"If ['Longitude 53', 'Year 0'], Then ['Magnitude Type ML']","('Longitude 53', 'Year 0')","('Magnitude Type ML',)",3712,192081,3646,0.5006,0.980337970408073
"If ['Longitude 51'], Then ['Magnitude Type ML']","('Longitude 51',)","('Magnitude Type ML',)",7016,192081,6766,0.4998,0.9622213787688932
"If ['Region Name GREECE', 'Year 8'], Then ['Magnitude Type ML']","('Region Name GREECE', 'Year 8')","('Magnitude Type ML',)",3768,192081,3693,0.4997,0.9800006244925997
"If ['Latitude 178', 'Year 0'], Then ['Magnitude Type ML']","('Latitude 178', 'Year 0')","('Magnitude Type ML',)",4226,192081,4129,0.4993,0.9775052295267929
"If ['Longitude 57'], Then ['Magnitude Type ML']","('Longitude 57',)","('Magnitude Type ML',)",5857,192081,5668,0.4986,0.9685546367087949
"If ['Latitude 172', 'Region Name CRETE, GREECE'], Then ['Magnitude Type ML']","('Latitude 172', 'Region Name CRETE, GREECE')","('Magnitude Type ML',)",3782,192081,3695,0.4981,0.9798665750801382
"If ['Longitude 52', 'Year 8'], Then ['Magnitude Type ML']","('Longitude 52', 'Year 8')","('Magnitude Type ML',)",3230,192081,3160,0.4974,0.9828260066302023
"If ['Longitude 6', 'Month 22'], Then ['Latitude 148']","('Longitude 6', 'Month 22')","('Latitude 148',)",3358,34573,3039,0.4965,0.8946176774045627
"If ['Depth 12', 'Year 0'], Then ['Magnitude Type ML']","('Depth 12', 'Year 0')","('Magnitude Type ML',)",3433,192081,3332,0.494,0.981611181067946
"If ['Latitude 176', 'Longitude 52'], Then ['Magnitude Type ML']","('Latitude 176', 'Longitude 52')","('Magnitude Type ML',)",3523,192081,3417,0.4939,0.9811173492483883
"If ['Latitude 176', 'Longitude 52', 'Region Name IONIAN SEA'], Then ['Magnitude Type ML']","('Latitude 176', 'Longitude 52', 'Region Name IONIAN SEA')","('Magnitude Type ML',)",3523,192081,3417,0.4939,0.9811173492483883
"If ['Magnitude 100'], Then ['Magnitude Type mb']","('Magnitude 100',)","('Magnitude Type mb',)",4890,47009,4317,0.4873,0.8851876760119373
"If ['Longitude 54', 'Region Name CRETE, GREECE'], Then ['Magnitude Type ML']","('Longitude 54', 'Region Name CRETE, GREECE')","('Magnitude Type ML',)",3625,192081,3467,0.4872,0.9803213707936475
"If ['Latitude 177', 'Year 8'], Then ['Magnitude Type ML']","('Latitude 177', 'Year 8')","('Magnitude Type ML',)",4413,192081,4193,0.486,0.9759075615831431
"If ['Longitude 49'], Then ['Magnitude Type ML']","('Longitude 49',)","('Magnitude Type ML',)",3410,192081,3252,0.4853,0.9814397702859461
"If ['Depth 18', 'Longitude 54'], Then ['Magnitude Type ML']","('Depth 18', 'Longitude 54')","('Magnitude Type ML',)",3290,192081,3130,0.4838,0.9820537762496033
"If ['Magnitude 103'], Then ['Magnitude Type mb']","('Magnitude 103',)","('Magnitude Type mb',)",4086,47009,3623,0.4819,0.904175092686215
"If ['Latitude 148', 'Longitude 6', 'Region Name ISLAND OF HAWAII, HAWAII', 'Year 41'], Then ['Magnitude Type ML']","('Latitude 148', 'Longitude 6', 'Region Name ISLAND OF HAWAII, HAWAII', 'Year 41')","('Magnitude Type ML',)",24576,192081,20866,0.4788,0.8555296208712352
"If ['Magnitude 98'], Then ['Magnitude Type mb']","('Magnitude 98',)","('Magnitude Type mb',)",5409,47009,4642,0.4785,0.87073007367716
"If ['Magnitude 106'], Then ['Magnitude Type mb']","('Magnitude 106',)","('Magnitude Type mb',)",3482,47009,3096,0.4775,0.9183880156134613
"If ['Latitude 179', 'Year 33'], Then ['Magnitude Type ML']","('Latitude 179', 'Year 33')","('Magnitude Type ML',)",3863,192081,3609,0.4765,0.9785946395611823
"If ['Latitude 148', 'Longitude 6', 'Year 41'], Then ['Magnitude Type ML']","('Latitude 148', 'Longitude 6', 'Year 41')","('Magnitude Type ML',)",25152,192081,21162,0.4758,0.8513701669293267
"If ['Longitude 29', 'Region Name ANTOFAGASTA, CHILE'], Then ['Magnitude Type ML']","('Longitude 29', 'Region Name ANTOFAGASTA, CHILE')","('Magnitude Type ML',)",5204,192081,4811,0.4748,0.9709207477373567
"If ['Region Name GREECE'], Then ['Longitude 53', 'Magnitude Type ML']","('Region Name GREECE',)","('Longitude 53', 'Magnitude Type ML')",13565,17875,7287,0.4724,0.17844574172980582
"If ['Longitude 29', 'Region Name TARAPACA, CHILE'], Then ['Magnitude Type ML']","('Longitude 29', 'Region Name TARAPACA, CHILE')","('Magnitude Type ML',)",3786,192081,3493,0.4704,0.97879651096302
"If ['Latitude 148', 'Year 41'], Then ['Magnitude Type ML']","('Latitude 148', 'Year 41')","('Magnitude Type ML',)",26000,192081,21480,0.469,0.8447617255253025
"If ['Latitude 148', 'Month 22'], Then ['Longitude 6']","('Latitude 148', 'Month 22')","('Longitude 6',)",3645,30265,3039,0.4671,0.8622979495319232
"If ['Longitude 6'], Then ['Latitude 148', 'Month 22']","('Longitude 6',)","('Latitude 148', 'Month 22')",30265,3645,3039,0.4671,0.8622979495319232
"If ['Latitude 148', 'Longitude 6', 'Month 28', 'Region Name ISLAND OF HAWAII, HAWAII', 'Year 41'], Then ['Magnitude Type ML']","('Latitude 148', 'Longitude 6', 'Month 28', 'Region Name ISLAND OF HAWAII, HAWAII', 'Year 41')","('Magnitude Type ML',)",8971,192081,7994,0.4664,0.9484714438148121
"If ['Latitude 178', 'Year 16'], Then ['Magnitude Type ML']","('Latitude 178', 'Year 16')","('Magnitude Type ML',)",3451,192081,3162,0.4664,0.980558299111088
"If ['Depth 5', 'Latitude 148', 'Longitude 6', 'Month 28', 'Region Name ISLAND OF HAWAII, HAWAII', 'Year 41'], Then ['Magnitude Type ML']","('Depth 5', 'Latitude 148', 'Longitude 6', 'Month 28', 'Region Name ISLAND OF HAWAII, HAWAII', 'Year 41')","('Magnitude Type ML',)",3417,192081,3130,0.4662,0.9807452382932712
"If ['Magnitude Type ML', 'Region Name DODECANESE IS.-TURKEY BORDER REG'], Then ['Longitude 54']","('Magnitude Type ML', 'Region Name DODECANESE IS.-TURKEY BORDER REG')","('Longitude 54',)",4934,30553,3960,0.4661,0.8126050686712977
"If ['Depth 5', 'Latitude 148', 'Longitude 6', 'Region Name ISLAND OF HAWAII, HAWAII', 'Year 41'], Then ['Magnitude Type ML']","('Depth 5', 'Latitude 148', 'Longitude 6', 'Region Name ISLAND OF HAWAII, HAWAII', 'Year 41')","('Magnitude Type ML',)",9246,192081,8216,0.4657,0.946787081005225
"If ['Latitude 148', 'Longitude 6', 'Month 28', 'Year 41'], Then ['Magnitude Type ML']","('Latitude 148', 'Longitude 6', 'Month 28', 'Year 41')","('Magnitude Type ML',)",9007,192081,8011,0.4656,0.9481916541069108
"If ['Magnitude 95'], Then ['Magnitude Type mb']","('Magnitude 95',)","('Magnitude Type mb',)",5784,47009,4782,0.4642,0.8586573910145592
"If ['Depth 5', 'Latitude 148', 'Longitude 6', 'Year 41'], Then ['Magnitude Type ML']","('Depth 5', 'Latitude 148', 'Longitude 6', 'Year 41')","('Magnitude Type ML',)",9329,192081,8249,0.4636,0.9461123104560445
"If ['Latitude 148', 'Month 28', 'Year 41'], Then ['Magnitude Type ML']","('Latitude 148', 'Month 28', 'Year 41')","('Magnitude Type ML',)",9073,192081,8027,0.4633,0.9476044261030306
"If ['Depth 5', 'Longitude 6', 'Year 41'], Then ['Magnitude Type ML']","('Depth 5', 'Longitude 6', 'Year 41')","('Magnitude Type ML',)",9395,192081,8283,0.4624,0.9456139715207073
"If ['Magnitude 49', 'Year 41'], Then ['Magnitude Type ML']","('Magnitude 49', 'Year 41')","('Magnitude Type ML',)",3443,192081,3122,0.4615,0.9804367937963223
"If ['Magnitude 46', 'Year 41'], Then ['Magnitude Type ML']","('Magnitude 46', 'Year 41')","('Magnitude Type ML',)",4143,192081,3741,0.4612,0.9763875251320896
"If ['Depth 5', 'Latitude 148', 'Longitude 6', 'Month 33', 'Region Name ISLAND OF HAWAII, HAWAII', 'Year 41'], Then ['Magnitude Type ML']","('Depth 5', 'Latitude 148', 'Longitude 6', 'Month 33', 'Region Name ISLAND OF HAWAII, HAWAII', 'Year 41')","('Magnitude Type ML',)",4361,192081,3926,0.4603,0.975087784911384
"If ['Depth 5', 'Longitude 6', 'Month 33', 'Region Name ISLAND OF HAWAII, HAWAII', 'Year 41'], Then ['Magnitude Type ML']","('Depth 5', 'Longitude 6', 'Month 33', 'Region Name ISLAND OF HAWAII, HAWAII', 'Year 41')","('Magnitude Type ML',)",4363,192081,3927,0.4603,0.9750723312746407
"If ['Depth 6', 'Latitude 148', 'Longitude 6', 'Month 28', 'Region Name ISLAND OF HAWAII, HAWAII', 'Year 41'], Then ['Magnitude Type ML']","('Depth 6', 'Latitude 148', 'Longitude 6', 'Month 28', 'Region Name ISLAND OF HAWAII, HAWAII', 'Year 41')","('Magnitude Type ML',)",3804,192081,3429,0.4596,0.9782859458785385
"If ['Depth 6', 'Latitude 148', 'Longitude 6', 'Month 28', 'Year 41'], Then ['Magnitude Type ML']","('Depth 6', 'Latitude 148', 'Longitude 6', 'Month 28', 'Year 41')","('Magnitude Type ML',)",3808,192081,3429,0.4592,0.9782448300945651
"If ['Depth 6', 'Longitude 6', 'Month 28', 'Year 41'], Then ['Magnitude Type ML']","('Depth 6', 'Longitude 6', 'Month 28', 'Year 41')","('Magnitude Type ML',)",3810,192081,3431,0.4592,0.9782344383248467
"If ['Latitude 148', 'Longitude 6', 'Month 33', 'Region Name ISLAND OF HAWAII, HAWAII', 'Year 41'], Then ['Magnitude Type ML']","('Latitude 148', 'Longitude 6', 'Month 33', 'Region Name ISLAND OF HAWAII, HAWAII', 'Year 41')","('Magnitude Type ML',)",11024,192081,9571,0.459,0.9355307077826118
